disclosure_month	total	critical	avg_score	month_name
1	197	47	2.203045685	January
2	95	30	2.473684211	February
3	97	11	1.587628866	March
4	94	27	2.170212766	April
5	95	42	2.989473684	May
6	96	39	2.697916667	June
7	98	42	2.653061224	July
8	95	36	2.526315789	August
9	95	52	3.210526316	September
10	96	39	2.802083333	October
11	95	29	2.389473684	November
12	847	391	3.127508855	December
